Sample,CuteSV,Coverage,Deepvariant,Sniffles
AA,13,1.24153,155788,5
AB,14,1.39512,348051,11
AC,16,1.41657,387296,12
AD,25,1.76012,900763,0
AE,13,1.40684,364249,8
AF,27,1.63895,734648,14
